dates, pitted and chopped, 0.016628905333960012
baking soda, 0.5054869715979358
boiling water, 0.010226561949283891
all-purpose flour, 0.006503275852978781
white sugar, 0.01420803266256365
mayonnaise, 0
chopped walnuts, 0.02180270125397559
water, 0.06333456188399922
egg, beaten, 0.2990622009377991
butter, 0.03527325900876303
lemon zest, 0.3949995709096351
lemon juice, 0.16418710760077382
butter, melted, 0.06578083057744064
vanilla wafer crumbs, 0.00824999958750002
(8 ounce) packages cream cheese, softened, 0.19249990833337766
(14 ounce) can sweetened condensed milk, 0.16499983500016502
eggs, 0.04739022127386203
dark rum, 0.029687491525807644
vanilla extract, 0.3837617831785227
ground nutmeg, 0.9999937900554818
cornstarch, 0.3746868096367614
packed light brown sugar, 0.01554687287582894
chopped pecans, 0.016668516744585107
sifted cake flour, 0.0022916666030092614
confectioners' sugar, 0.003910693124838657
egg whites, 0.07476561218099197
salt, 0.43113255349100005
cream of tartar, 0
almond extract, 0.5087478463755667
butter, softened, 0.022030911741329314
cream, 0.09624997135417535
unsweetened cocoa powder, 0.10117180865121032
baking powder, 1.1547245195494464
strong brewed coffee, 0.055859353121757466
buttermilk, 0.03083861445074691
vegetable oil, 0.01530349574770171
heavy whipping cream, 0.010312498710937663
(1 ounce) squares unsweetened chocolate, melted, 0
ground cinnamon, 0.4916803735787949
chopped almonds, 0.0025781249194335967
grated zucchini, 0.00882202104251864
ounces red food coloring, 0
shortening, 0.029604408234819763
all-purpose flour, sifted, 0
white vinegar, 0
milk, 0.0658473568057111
(18.25 ounce) package chocolate cake mix, 0
coffee flavored liqueur, 0
(16 ounce) packages frozen whipped topping, thawed, 0
(5.9 ounce) packages instant chocolate pudding mix, 0
(1.4 ounce) bars chocolate covered English toffee, 0
slivered almonds for topping, 0
egg yolks, 0.07906248539062813
lemons, 0
dry chocolate mousse mix, 0
(1.5 ounce) bar milk chocolate candy, 0
(10 ounce) can refrigerated biscuit dough, 0
margarine, melted, 0.08249997250000916
dark corn syrup, 0.3333326599340204
egg, 0.12213854973645027
lemon extract, 0
warm water (110 degrees F/45 degrees C), 0.005156249677734395
active dry yeast, 0.22392325268219657
olive oil, 0
(20 ounce) can pineapple rings, 0
reserved pineapple juice, 0
cake flour, 0.0059619138045756154
evaporated milk, 0.006874999427083382
peeled shredded pears, 0
sifted all-purpose flour, 0.0037968516557020816
drained and chopped sauerkraut, 0
(21 ounce) can cherry pie filling, 0
bread flour, 0.004414062357633963
dry milk powder, 0.06187496906251547
margarine, 0.03755037880107845
chopped sun-dried tomatoes, 0
Parmesan cheese, 0
dried rosemary, crushed, 0
garlic salt, 0
shredded mozzarella cheese, 0
cold water, 0.012890624033203207
pounds whole milk ricotta cheese, 0
(1 ounce) squares semi-sweet chocolate, 0
candied lemon peel, 0
light rum, 0
(1 ounce) squares bittersweet chocolate, chopped, 0
unsalted butter, cubed, 0
minced onion, 0
clove crushed garlic, 0
dried thyme, 0
ground sage, 0
dried marjoram, 0
ground black pepper, 0
hot pepper sauce, 0
bone-in chicken breast halves, with skin, 0
chopped fresh parsley, 0
skinless, boneless chicken breasts, 0
corn oil, 0
sesame seeds, toasted, 0
(18.25 ounce) package yellow cake mix, 0.2887497112502888
apricot nectar, 0
hot water, 0.05414058294437724
(3 ounce) package lemon flavored Jell-O® mix, 0
thinly sliced apples, 0.0025781249597167976
whole wheat flour, 0.006582466800452996
ground cloves, 1.9150897153517152
raisins, 0.013835968813777699
unsalted butter, 0.009453123907877744
pound unsweetened chocolate, 0
toasted almonds, finely chopped, 0
chopped toasted pecans, 0
toasted pecans, 0
coconut extract, 0
rum flavored extract, 0.06249990530317378
butter flavored extract, 0
(.25 ounce) package active dry yeast, 0
eggs, room temperature, 0.10999996333334555
mixed candied fruit, 0
chopped blanched almonds, 0
anise seed, 0
melted shortening, 0
whole milk, 0
multicolored sprinkles (jimmies), 0
packed brown sugar, 0.02284707863858884
sour cream, 0.028164056834681032
bananas, 0
green bell peppers, sliced, 0
red bell pepper, sliced, 0
onion, thinly sliced, 0
fresh sliced mushrooms, 0
diced, cooked chicken meat, 0
(.7 ounce) package dry Italian-style salad dressing mix, 0
(12 inch) flour tortillas, 0
mashed bananas, 0.006445312097167994
ounces dried apricots, chopped, 0
ounces candied cherries, halved, 0
ounces candied lemon peel, 0.013749997708333716
ounces candied orange peel, 0
orange juice, 0.06119869852419782
jellied cranberry sauce, 0
chopped cranberries, 0
pints part-skim ricotta cheese, 0
(3.9 ounce) package instant chocolate pudding mix, 0
(12 ounce) container frozen whipped topping, thawed, 0
warm water, 0.09477670199643326
(9 ounce) package chicken tenderloins, 0
finely crushed dry stuffing mix, 0
melted butter, 0.013749997708333716
hot milk, 0
drops red food coloring, 0
drops green food coloring, 0
drops yellow food coloring, 0
egg white, 0
apple jelly, 0
ounces sliced frozen strawberries, 0
wheat berries, 0
spelt flour, 0
barley, 0
millet, 0
dry green lentils, 0
dry great Northern beans, 0
dry kidney beans, 0
dried pinto beans, 0
honey, 0.030499260110305244
(.25 ounce) packages active dry yeast, 0.041249979375010314
applesauce, 0.005900597760587054
quick cooking oats, 0.006874999427083382
Dutch process cocoa powder, 0
peanut butter chips, 0
confectioners' sugar for dusting, 0.0696093575976606
(10 inch) angel food cake, 0
(5.9 ounce) package instant chocolate pudding mix, 0
(8 ounce) container frozen whipped topping, thawed, 0
(1.55 ounce) bar milk chocolate, 0
ounces orange-flavored fruit slice jelly candies, chopped, 0
chopped dates, 0
flaked coconut, 0.01826171694173197
warm buttermilk (105 to 115 degrees F), 0
gingersnap cookie crumbs, 0
(8 ounce) packages cream cheese, 0.041249979375010314
caramel ice cream topping, 0
onion, chopped, 0.08249991750008251
green bell pepper, chopped, 0
large carrots, chopped, 0
(14.5 ounce) can chicken broth, 0
(15 ounce) can tomato sauce, 0
distilled white vinegar, 0.010312498710937663
(8 ounce) can crushed pineapple with juice, 0.08249991750008251
ketchup, 0
slice white bread, 0
pound ground chicken, 0
zucchini, shredded, 0
garlic powder, 0
instant rice, 0
cornmeal, 0
maraschino cherries, chopped, 0
(20 ounce) can crushed pineapple with juice, 0
(8 ounce) package cream cheese, 0.041249958750041255
(3.5 ounce) package instant vanilla pudding mix, 0.16499983500016502
super fine sugar, 0
brandy, 0.02955356917610034
pint fresh strawberries, 0
(18.25 ounce) package butter cake mix, 0
rolled oats, 0.010178222038014769
tomatoes, diced, 0
onion, finely chopped, 0
limes, juiced, 0
chopped fresh cilantro, 0
jalapeno pepper, seeded and minced, 0.08249991750008251
salt and pepper to taste, 0
olive oil, divided, 0
skinless, boneless chicken breast halves - cut into strips, 0
green bell pepper, thinly sliced, 0
cloves garlic, minced, 0
shredded Monterey Jack cheese, 0
sour cream, for topping, 0
finely crushed herb-seasoned stuffing mix, 0
grated Parmesan cheese, 0
dried parsley, 0
curry powder, 0
Italian-style seasoning, 0
skinless, boneless chicken breast halves, 0
(10 ounce) cans chicken chunks, drained, 0
seedless green grapes, halved, 0
sliced almonds, 0.015468746777344475
chopped celery, 0
(8 ounce) can mandarin oranges, drained, 0
creamy cucumber salad dressing, 0
anisette toasts (e.g. 2 packages of Stella D'oro), 0
(3.5 ounce) packages non-instant chocolate pudding mix, 0
(3 ounce) packages non-instant vanilla pudding mix, 0
toasted almond slices, 0
(20 ounce) can crushed pineapple, with juice, 0
cloves garlic, chopped, 0
dried rosemary, 0
ounces flaked coconut, 0
Italian-style dried bread crumbs, 0
dry white wine, 0
ground savory, 0
(4.5 ounce) can sliced mushrooms, 0
honey mustard, 0
boneless chicken breast halves, cooked and diced, 0
salt-free herb and spice blend, 0
prunes, cooked and chopped, 0.012890624194335988
egg yolk, 0.32999967000033004
caraway seed, 0
(2 to 3 pound) whole chicken, cut into pieces, 0
onions, chopped, 0
salt to taste, 41250.00000000001
ground black pepper to taste, 0
ground ginger, 3.805857655913245
paprika, 0
pound pitted green olives, 0
lemon, juiced, 0.08249983500033
dried basil, 0
dried oregano, 0
boneless chicken breast halves, sliced lengthwise into thirds, 0
eggs, separated, 0.02199999802916685
ground allspice, 1.732885078566136
instant coffee granules, 0
dry potato flakes, 0
onion powder, 0
ounces cream cheese, 0
(8 ounce) cans mandarin oranges, drained, 0
rhubarb jam, 0
cream sherry, 0.02749999770833353
(1 ounce) squares unsweetened chocolate, 0
(1 ounce) squares semisweet chocolate, 0.08249997937500515
(18.25 ounce) package devil's food cake mix with pudding, 0
(3.5 ounce) packages instant vanilla pudding mix, 0
flaked coconut, toasted, 0
graham crackers, 0
cream cheese, softened, 0
dried currants, 0.007788085721537283
boiling water to cover, 0
candied cherries, 0
(16 ounce) package gum drops, no licorice ones, 0
pitted dates, cut in half, 0
walnuts, 0.005156249355468831
blue cheese, crumbled, 0
ground white pepper, 0
red bell pepper, halved and deseeded, 0
green onion, 0
sifted confectioners' sugar, 0.005156249677734395
pumpkin puree, 0.0025781248388671977
(3.5 ounce) packages instant coconut cream pudding mix, 0
maraschino cherries, coarsely chopped, 0
maraschino cherries, halved, 0
pecan halves, 0
sourdough starter, 0
(16 ounce) can whole cranberry sauce, 0
self-rising flour, 0.01031249935546879
apple - peeled, cored, and chopped, 0
shredded coconut, 0
(8 ounce) packages refrigerated dinner roll dough, 0
sesame seeds, 0
lukewarm milk, 0
(16 ounce) can fruit cocktail, 0
white chocolate chips, 0
(1 ounce) squares white chocolate, melted, 0
(8 ounce) package cream cheese, softened, 0.06187493812506188
(3 ounce) package cream cheese, softened, 0
extra virgin olive oil, 0
julienned carrots, 0
small onion, chopped, 0
zucchini squash, peeled and cut into 1 inch rounds, 0
yellow summer squash, peeled and sliced into 1 inch pieces, 0
coarse ground black pepper, 0
prepared mustard, 0
graham cracker crumbs, 0.0012890624798583988
ground pecans, 0
unsalted butter, softened, 0
egg yolks, room temperature, 0
milk, lukewarm, 0
egg whites, room temperature, 0
packed dark brown sugar, 0.0051562498388671935
creamy peanut butter, 0
bananas, broken into chunks, 0
whipped heavy cream, 0
butter, room temperature, 0
(4 ounce) package frozen raspberries, thawed, 0
seedless raspberry preserves, 0
(18.25 ounce) package angel food cake mix, 0
(15 ounce) can diced peaches, 0
semisweet chocolate chips, 0.015039061381022227
Italian seasoning, 0
chopped green onions, 0
skim milk, 0.010312498710937663
(10 ounce) package frozen chopped spinach, thawed and drained, 0
chopped pimento peppers, 0
instant mashed potato flakes, 0
pound confectioners' sugar, 0
molasses, 0.0713280788802509
rye flour, 0
bread machine yeast, 0
(18.25 ounce) package devil's food cake mix, 0
ounces caramel candy, 0
(16 ounce) package milk chocolate frosting, 0
ounces frozen dinner roll dough, 0
(3.4 ounce) package instant butterscotch pudding mix, 0
(15 ounce) can pumpkin puree, 0.2965622034377966
miniature semisweet chocolate chips, 0.06249999609375024
butter or margarine, 0
(18.25 ounce) package marble cake mix, 0
(3 ounce) package strawberry flavored Jell-O®, 0
(1.3 ounce) envelope whipped topping mix, 0
canola oil, 0.018124998615648785
semi-sweet chocolate chips, 0.011206247347396484
graham crackers, crushed, 0
bananas, peeled and diced, 0
pint vanilla ice cream, 0
cold, brewed coffee, 0
finely chopped toasted hazelnuts, 0
hazelnuts, 0
(.25 ounce) package instant yeast, 0
all-purpose flour, divided, 0
white sugar, divided, 0
buttermilk, at room temperature, 0
popped popcorn, 0
gumdrops, 0
whole peanuts, 0
(10.5 ounce) package miniature marshmallows, 0
plain yogurt, 0.005156249677734395
grated orange zest, 0.06187495875003094
orange liqueur, 0.010312497421875644
boiling potatoes, peeled and chopped, 0.041249989687502576
grated lemon zest, 0.16499983500016502
pounds Muenster cheese, shredded, 0
egg white, beaten, 0
whole blanched almonds, 0
orange zest, 0.29898281329033116
fresh lemon juice, 0.12499981060634756
grated carrots, 0.004296874803059907
coarsely chopped walnuts, 0.016757810620117414
shallots, minced, 0
chicken stock, 0
raspberry vinegar, 0
flax seed, 0
poppy seeds, 0
eggs, lightly beaten, 0.030937487109380803
(4 pound) chicken, cut into pieces, 0
all-purpose flour for coating, 0
quarts vegetable oil for frying, 0.12374993812503093
warm milk, 0
amaranth flour, 0
brown rice flour, 0
chopped rhubarb, 0.0012890624798583988
chopped strawberries, 0
margarine, softened, 0.005156249355468831
large Granny Smith apples, 0
ounces vanilla sugar, 0
instant coffee powder, 0
very ripe bananas, mashed, 0
(16 ounce) container sour cream, 0
(18.25 ounce) package lemon cake mix, 0
(3 ounce) package instant lemon pudding mix, 0
(3 ounce) package ramen noodles, 0
peanut oil, 0
rice vinegar, 0
soy sauce, 0.006874999427083382
diced cooked chicken breast meat, 0
green onions, minced, 0
(12 fluid ounce) can evaporated milk, 0.16499983500016502
ounces poppyseed filling, 0
quart vegetable oil for frying, 0
(1 ounce) squares semisweet chocolate, melted, 0
red food coloring, 0.24999924242653812
fluid ounces frozen pink lemonade concentrate, thawed, 0
ounces cherries, pitted and halved, 0
beer, 0.0025781248388671977
cherry juice, 0
eggnog, 0.005156249677734395
eggs, beaten, 0.09667964044924196
unsweetened applesauce, 0.0068749996061198155
dash cream of tartar, 0
finely chopped blanched almonds, 0
(18.25 ounce) package white cake mix, 0
(8 ounce) container fat free sour cream, 0
lite frozen whipped topping, 0
crunchy peanut butter, 0
(.25 ounce) packages instant yeast, 0
ounces white chocolate, 0
large carrots, grated, 0.16499991750004125
pinch salt, 0.20624979375020627
(10.5 ounce) cans chicken broth, 0
wild rice, 0
poultry seasoning, 0
heavy cream, 0.020624989687505157
cubed, cooked chicken meat, 0
(4 ounce) jar sliced pimento peppers, drained, 0
dried bread crumbs, 0
chicken broth, 0
chopped fresh basil, 0
ounces semisweet chocolate chips, 0
finely chopped walnuts, 0.010312497421875644
(21 ounce) can apple pie filling, 0
(18.25 ounce) package apples and cinnamon muffin mix, 0
ground cinnamon, or to taste, 0
unsalted butter, melted, 0
ounces small purple grapes, 0
blanched slivered almonds, 0.0025781248388671977
rum, 0
apple juice, 0
tapioca flour, 0
arrowroot flour, 0
pinch ground nutmeg, 0
wheat-free baking powder, 0
chopped dried cherries, 0
(8 ounce) container vanilla yogurt, 0
canned pumpkin, 0.009062499280968929
pitted, chopped dates, 0
sunflower seed oil, 0
candied pineapple chunks, 0.0025781249194335967
(16 ounce) package fettuccine pasta, 0
minced garlic, 0
minced jalapeno peppers, 0
tequila, 0
fresh lime juice, 0
pounds skinless, boneless chicken breast halves - cubed, 0
red onion, sliced, 0
red bell pepper, thinly sliced, 0
yellow bell pepper, thinly sliced, 0
green bell pepper, sliced, 0
(18.25 ounce) package German chocolate cake mix, 0
(1 ounce) packages dry onion soup mix, 0
(10 fluid ounce) bottle Russian-style salad dressing, 0
apricot preserves, 0
(3 ounce) package instant pistachio pudding mix, 0
caffeinated citrus-flavored soda, 0
frozen whipped topping, thawed, 0
cider vinegar, 0
(2 to 3 pound) whole chicken, 0
hot chicken broth, 0
(12 fluid ounce) can or bottle orange-flavored carbonated beverage, 0
pounds chicken wings, 0
gin, 0
unbleached all-purpose flour, 0
(20 ounce) cans pitted sour cherries, 0
(15 ounce) can crushed pineapple, 0.16499983500016502
(16.5 ounce) can pitted dark sweet cherries, 0
cottage cheese, room temperature, 0
(8 ounce) containers candied cherries, 0
(8 ounce) container candied mixed citrus peel, 0
(2.25 ounce) packages blanched slivered almonds, 0
pound blanched almonds, 0
(16 ounce) package confectioners' sugar, 0
grated semisweet chocolate, 0
(3 pound) whole chicken, cut into 6 pieces, 0
vegetable oil for frying, 0
(12 ounce) package vanilla wafers, crushed, 0
(8 ounce) package flaked coconut, 0
cloves garlic, crushed, 0
Italian-seasoned bread crumbs, 0
dark rye flour, 0
vital wheat gluten, 0
light corn syrup, 0.08249991750008251
(8 ounce) can crushed pineapple, drained, 0.18562481437518563
(1 ounce) squares white chocolate, 0
(8 ounce) packages cream cheese, room temperature, 0
heavy cream, room temperature, 0
finely chopped white chocolate, 0
fluid ounces brandy, 0
(4.5 ounce) package chocolate covered thin mints, 0
sifted self-rising flour, 0
jerk paste, 0
(12 ounce) package uncooked egg noodles, 0
clove garlic, minced, 0
limes, quartered, 0
sprigs fresh cilantro, for garnish, 0
pound pork sausage, 0
pumpkin pie spice, 0
cold, strong, brewed coffee, 0
cocoa powder, 0
green chile peppers, cut into 8 strips, 0
(8 ounce) package Monterey Jack cheese, cut into 8 slices, 0
Italian-style seasoned bread crumbs, 0
ground cumin, 0
granola, 0
biscuit baking mix, 0
shredded Cheddar cheese, 0
ground walnuts, 0
vegetable oil, divided, 0
bananas, mashed, 0
pinch ground cinnamon, 0
shortening for frying, 0
pecan halves for garnish, 0
coconut milk, 0.03124999704071998
unsweetened flaked coconut, 0.03124999704071998
chopped walnuts, toasted, 0.02062499871093758
pound carrots, cut into 2 inch pieces, 0
finely ground graham cracker crumbs, 0
minced fresh ginger root, 0
ground mace, 0.9479089436837219
(8 ounce) packages cream cheese, diced and softened, 0
whiskey, 0
fluid ounces strong brewed coffee, 0
(8 ounce) package dry cornbread mix, 0
cooked chopped broccoli, 0
chopped onion, 0
cottage cheese, 0
brown sugar, 0.041249979375010314
nonfat dry milk powder, 0.03093749226562693
kosher salt, 0
(9 ounce) package yellow cake mix, 0
(10 ounce) package frozen strawberries, thawed and drained, 0
raisins or dates, 0
fresh orange juice, 0
(3 pound) whole chicken, skin removed and cut into pieces, 0
bay leaf, 0
cloves crushed garlic, 0
cayenne pepper, 0
tomato paste, 0
water to cover, 0
diced canned peaches, drained, 0
ounces cream cheese, softened, 0.006874998854166858
pint heavy whipping cream, 0
(12 ounce) packages ladyfinger cookies, 0
(16 ounce) package frozen strawberries, 0
maraschino cherries, 0
walnut halves, 0
(9 inch) prepared graham cracker crust, 0
large orange, 0
chopped raisins, 0.01031249935546879
recipe Williamsburg Butter Frosting, 0
(12 ounce) package vanilla wafers, 0
pinch garlic powder, 0
dried sage, 0
green bell pepper, minced, 0
carrots, sliced thin, 0
ripe bananas, 0
(8 ounce) cans crushed pineapple, drained, 0
(16 ounce) package frozen whipped topping, thawed, 0
(4 ounce) jar maraschino cherries, drained, 0
buttermilk baking mix, 0
whole meal rye flour, 0
filtered or spring water, 0
pecan sandies cookies, 0
heavy whipping cream, whipped, 0
sliced fresh strawberries, 0
stone ground cornmeal, 0
prepared horseradish, 0
mashed ripe banana, 0
crushed chocolate sandwich cookies, 0
chocolate sandwich cookie crumbs, 0
(18.25 ounce) package reduced fat yellow cake mix, 0
(2 to 3 pound) chicken, skinned and quartered, 0
Dr. Pepper soft drink, 0
miniature marshmallows, 0
peanut butter, 0
chopped, unsalted dry-roasted peanuts, 0
maple flavored extract, 0.37499886363980717
almonds, 0.0051562498388671935
shredded American cheese, 0
crushed cornflakes cereal, 0
slices day-old bread, 0
salsa, 0
pita breads, 0
ounces diced tomato, 0
shredded lettuce, 0
sliced avocado, 0
low-fat sour cream, 0
(18.25 ounce) package dark chocolate cake mix, 0
(18.25 ounce) package orange cake mix, 0
orange extract, 0.4999969697153351
ounces sour cream, 0
xanthan gum, 0
potato starch, 0
soy flour, 0
white rice flour, 0
zucchinis, 0
sifted unbleached all-purpose flour, 0
freshly grated nutmeg, 0
golden raisins, 0.02302734110415405
skinless, boneless chicken breast halves - pounded thin, 0
salt and ground black pepper to taste, 0
(4.5 ounce) can mushrooms, drained, 0
packet chicken bouillon granules, 0
fresh blueberries, 0
sour milk, 0
finely chopped butternuts, 0.020624997421875325
(20 ounce) can crushed pineapple, 0
(3.4 ounce) package instant pistachio pudding mix, 0
butter flavored shortening, 0
mustard powder, 0
large egg, 0
(3 ounce) package lime flavored Jell-O® mix, 0
(18.25 ounce) package moist white cake mix, 0.16499983500016502
(1 ounce) square unsweetened chocolate, 0
sherry, 0.005156249677734395
pounds ricotta cheese, 0
(1 ounce) squares sweet chocolate, grated, 0
candied cherries, chopped, 0
chopped toasted almonds, 0
pound semisweet chocolate, chopped, 0
whole almonds, toasted, 0
pinch baking soda, 0
apple butter, 0
toasted wheat germ, 0
(10 ounce) jar sweet and sour sauce, 0
white wine, 0.013749998854166764
cold milk, 0
skinless, boneless chicken breast halves - cut into bite size pieces, 0
balsamic vinegar, 0
mixed salad greens, 0
hard-cooked egg, 0
large black olives, 0
small green olives, 0
radishes, 0
slices crisp cooked bacon, crumbled, 0
clear imitation vanilla extract, 0
pint heavy whipping cream, whipped, 0
(8 ounce) package Neufchatel cheese, 0
(9 ounce) package thin chocolate wafers, 0
(1 ounce) squares bittersweet chocolate, 0
peppermint extract, 0
(4 ounce) jars plum baby food, 0.08249995875002063
chopped nuts, 0.04682291460829002
frozen chopped spinach, thawed and drained, 0
cooked and mashed sweet potatoes, 0.01031249943603519
butter, chilled, 0
baking mix, 0
mascarpone cheese, 0
coffee-flavored liqueur, 0
sponge cake, 0
(16 ounce) jar applesauce, 0
(16 ounce) package vanilla frosting, 0
ounce colored candy sprinkles, 0
diced sharp Cheddar cheese, 0
fresh chopped jalapeno peppers, 0
(10 ounce) packages frozen sliced strawberries in syrup, thawed, 0
(4.5 ounce) jars carrot baby food, 0.020624989687505157
crushed pineapple, drained, 0.005156249355468831
onion, cut into strips, 0
(10 inch) flour tortillas, 0
(16 ounce) jar raspberry salsa, 0
pound skinless, boneless chicken breast halves - cooked and shredded, 0
pound finely chopped pork, 0
halved candied cherries, 0.020624997421875325
candied citron peel, 0.041249989687502576
(10 inch tube pan) angel food cake, 0
(15 ounce) can sliced peaches, 0
(5 ounce) package instant vanilla pudding mix, 0.16499983500016502
(20 ounce) can crushed pineapple, drained, 0
fluid ounces amaretto liqueur, 0
crushed macaroon cookies, 0
pounds chicken legs, 0
green bell peppers, diced, 0
ounces tomato paste, 0
chopped semisweet chocolate, 0
toasted walnuts, chopped, 0
coarse kosher salt, 0
grated apple, 0.006015624767252613
egg substitute, 0
diced apple without peel, 0
ounces chocolate syrup, 0
confectioners' sugar, sifted, 0
creme de menthe liqueur, 0
(1 ounce) squares German sweet chocolate, chopped, 0
egg yolks, beaten, 0
(12 ounce) package ladyfingers, 0
root beer extract, 0
root beer, 0
light cream, 0
apples - peeled, cored and sliced, 0
hot, brewed coffee, 0.005156249677734395
dried apricots, chopped, 0
red and green candied cherries, quartered, 0
candied pineapple, coarsely chopped, 0
plain low-fat yogurt, 0
(3 ounce) package cream cheese, 0.08249991750008251
low-fat cottage cheese, 0
low-fat milk, 0
(.25 ounce) package unflavored gelatin, 0
(12 ounce) can cherry pie filling, 0
ounces candied mixed fruit, 0
ounces glace cherries, roughly chopped, 0
ounces candied mixed citrus peel, 0
ounces chopped walnuts, 0
ounces sifted self-rising flour, 0
egg, lightly beaten, 0.08249991750008251
sweetened dried cranberries, 0
(3 pound) whole chicken, 0
maple flavored syrup, 0
(12 ounce) packages refrigerated buttermilk biscuit dough, 0
(11 ounce) container refrigerated soft bread stick dough, 0
ripe bananas, mashed, 0
pound fresh mushrooms, sliced, 0
grated Parmesan cheese for topping, 0
(16 ounce) package vanilla wafers, crushed, 0
warm water (110 degrees F), 0
(9 inch) prepared shortbread pie crust, 0
dried cranberries, 0
green onions, chopped, 0.013749997708333716
minced green bell pepper, 0
seasoning salt, 0
chopped candied cherries, 0.020624994843751288
butter, diced and softened, 0
dried minced onion, 0
dill seed, 0
(18.25 ounce) package cherry cake mix, 0
mini semi-sweet chocolate chips, 0
dry bread crumbs, 0
Dijon mustard, 0
steak sauce, 0
lard, 0.010312498710937663
hazelnuts - toasted, skinned and coarsely chopped, 0
hazelnut liqueur, 0
skinned, toasted hazelnuts, 0
sour cream, room temperature, 0
ounces hazelnuts, 0
chopped hazelnuts, for garnish, 0
warm milk (110 degrees F/45 degrees C), 0.015468749033203184
(5.1 ounce) package instant vanilla pudding mix, 0
amaretto liqueur, 0
ground almonds, 0
rosewater, 0
confectioners' sugar, for dusting, 0
corn syrup, 0.041249958750041255
skinless, boneless chicken breast halves - cubed, 0
(4 ounce) can diced green chiles, 0
dried cilantro, 0
(15 ounce) can cannellini beans, drained and rinsed, 0
ounces shredded Monterey Jack cheese, 0
(1 ounce) squares semisweet chocolate, chopped, 0
finely ground millet flour, 0
pound chopped pecans, 0.32999967000033004
pound candied cherries, 0.494999175001485
pound candied pineapple, 0
apple - peeled, cored and sliced, 0
pureed dates, 0
semisweet chocolate chips, melted, 0
heavy cream, chilled, 0
vodka, 0
persimmon pulp, 0.01031249935546879
diced and chilled, cooked chicken meat, 0
sliced, seedless grapes, 0
(18.25 ounce) package strawberry cake mix, 0
package strawberry frosting mix, 0
(8 ounce) container low-fat sour cream, 0
(3.3 ounce) package instant white chocolate pudding mix, 0
finely chopped pistachio nuts, 0
minced shallots, 0
pomegranate syrup, 0
red candied cherries, 0.015624997040720257
green candied cherries, 0.015624997040720257
(8 ounce) package diced candied citron, 0
ounces candied pineapple, diced, 0
fresh peaches - peeled, pitted, and sliced, 0
butter, cubed, 0
(12 fluid ounce) cans evaporated milk, 0
(12 ounce) package pound cake, 0
lemons, juiced, 0
fresh cranberries, 0
pecans, coarsely chopped, 0
scalded whole milk, 0
(16 ounce) packages vanilla frosting, 0
chocolate covered graham cracker cookies, 0
pint sliced fresh strawberries, 0
chicken legs, halved, 0
cloves garlic, 0
crushed red pepper flakes, 0
milk, divided, 0
butterscotch schnapps, divided, 0
butterscotch chips, 0
slivered almonds, 0
blackberry preserves, 0
fresh coconut, 0
(1 ounce) square unsweetened chocolate, melted, 0
(16 ounce) package prepared chocolate frosting, 0
potato, cubed, 0.32999967000033004
(1 ounce) square semisweet chocolate, melted, 0.32999967000033004
sliced mushrooms, 0
seasoned bread crumbs, 0
ounces mozzarella cheese, sliced, 0
pinch ground black pepper, 0
raspberry jam, 0
(1 pound) game hens, 0
lime, 0
chili powder, 0
fresh corn kernels, 0
red onion, diced, 0
red bell pepper, chopped, 0
lime, juiced, 0
fresh chopped cilantro, for garnish, 0
(3 pound) whole chicken, cut into pieces, 0
fat free sour cream, 0
reduced fat margarine, 0
dried mixed fruit, 0.08333332986111125
ounces marshmallow creme, 0
ounces chocolate sandwich cookies with creme filling, 0
(16 ounce) cans peaches in heavy syrup, 0
(11 ounce) can mandarin orange segments, 0
candied mixed fruit, 0
(3 pound) whole chicken, quartered, 0
dash garlic powder, 0
pinch dried parsley, 0
(18.25 ounce) package German chocolate cake mix without pudding, 0
ounces individually wrapped caramels, 0
(8 ounce) package egg noodles, 0
chopped, cooked chicken meat, 0
stalks celery, chopped, 0
pound fresh asparagus, trimmed and cut into 2 inch pieces, 0
grated Parmesan cheese, divided, 0
quarts boiling water, 0
chocolate cookie crumbs, 0
cooked pinto beans, mashed, 0
French dressing, 0
cornflakes cereal crumbs, 0
plain whole-milk yogurt, 0
(4 pound) whole chicken, 0
prepared barbecue sauce, 0
pounds skinless, boneless chicken breast halves - cut into strips, 0
cherry tomatoes, 0
pimento-stuffed green olives, 0
ounces almond paste, 0
blanched almonds, 0
red wine, 0
leek, bulb only, chopped, 0
chopped fresh dill weed, 0
saturei (dried rose petals), 0
ground coriander seed, 0
syrup from canned figs, 0
(18.25 ounce) package butter pecan cake mix, 0
champagne, 0
unsweetened pineapple juice, 0.010312497421875644
(3.5 ounce) package flaked coconut, 0
(16 ounce) package graham crackers, crushed, 0
cracked wheat, 0
nonfat milk, 0
raw sunflower seeds, 0
(16 ounce) jar maraschino cherries, drained, 0.32999967000033004
ounces candied pineapple, 0
peach brandy, 0
ounces Cheddar cheese, shredded, 0
fresh, ripe mango, 0
red onion, finely diced, 0
bunch cilantro, finely chopped, 0
fresh red chile pepper, seeded and chopped, 0
sprig fresh cilantro, for garnish, 0
ground turmeric, 0
(15 ounce) can garbanzo beans, drained, 0
cucumber - peeled, seeded and chopped, 0
chopped red onion, 0
chopped yellow bell pepper, 0
vanilla wafers, 0
(5 ounce) can evaporated milk, 0
medium potato, peeled, 0
Herman Sourdough Starter, 0
(6 ounce) package raspberry flavored Jell-O® mix, 0
ounces frozen raspberries, 0
large marshmallows, 0
ground cardamom, 1.1249901516115692
large tomatoes - peeled, seeded and chopped, 0
stalk celery, chopped, 0
vanilla ice cream, 0
edible carnations, for garnish, 0
instant powdered milk, 0
cranberry applesauce, 0
ounces bittersweet chocolate, 0
(8 ounce) package angel hair pasta, 0
finely chopped onion, 0
clove garlic, chopped, 0
chopped tomatoes, 0
boneless chicken breast halves, cooked and cubed, 0
any flavor fruit jam, 0.020624998281250143
ounces finely shredded Swiss cheese, 0
pears - peeled, cored and sliced, 0
currant jelly, 0
light brown sugar, 0
(8 ounce) cans refrigerated crescent rolls, 0
fresh raspberries, 0
corn flour, 0
drop red food coloring, 0
shredded carrots, 0.0051562497583007945
ounce red food coloring, 0
chopped fresh chives, 0
coarsely ground black pepper, 0
instant yeast, 0
butter, softened (for spreading), 0
unsweetened cocoa powder, for dusting, 0
pastry flour, 0.0029464284661989836
apples - peeled, cored and finely diced, 0.010312499677734387
strawberry extract, 0
chocolate syrup, 0
(1 ounce) squares German sweet chocolate, grated, 0
Marsala wine, 0
chopped portobello mushrooms, 0
slices mozzarella cheese, 0
all-purpose flour for dusting, 0
(12 fluid ounce) can evaporated milk, chilled, 0
(3 ounce) package lemon flavored Jell-O®, 0
maraschino cherries, drained and chopped, 0
ounces individually wrapped caramels, unwrapped, 0
buttermilk, room temperature, 0
ounces sweetened condensed milk, 0.011785713443877611
chopped marshmallows, 0.0051562498388671935
(1 pound) loaves frozen bread dough, thawed, 0
shredded sharp Cheddar cheese, 0
onion, finely diced, 0
pounds butter, 0
ounces fresh mushrooms, sliced, 0
cooked, diced chicken breast meat, 0
cooked white rice, 0
(16 ounce) package uncooked farfalle pasta, 0
pound hot Italian turkey sausage, casings removed, 0
cloves garlic, sliced, 0
(14.5 ounce) can crushed tomatoes, 0
pounds cream cheese, softened, 0
ounces Chinese-style sausages, 0
dark soy sauce, 0
sesame oil, 0
slice fresh ginger root, chopped, 0
dried shiitake mushrooms, soaked until soft, 0
long-grain white rice, 0
thinly sliced green onion, 0
fruit cocktail, drained, 0
rhubarb, chopped, 0.0012890624798583988
carrots, 0.10999996333334555
(18.25 ounce) package pound cake mix, 0
pint part-skim ricotta cheese, 0
hot, strong brewed coffee, 0
fresh blackberries, 0.02062499871093758
cornmeal for dusting, 0
(12 ounce) package refrigerated buttermilk biscuit dough, 0
dried dill weed, 0
pound light brown sugar, 0
real maple syrup, 0.005156249677734395
pound grapes, 0
box strawberry cake mix, 0
(10 ounce) packages frozen strawberries, 0
solid pack pumpkin puree, 0.008628124603255231
quarts strawberry ice cream, softened, 0
(16 ounce) package miniature marshmallows, 0
teriyaki sauce, 0
(12 fluid ounce) can frozen orange juice concentrate, thawed, 0
pound fresh asparagus, trimmed and cut into 2 1/2 inch pieces, 0
dried tarragon, 0
cream of chicken soup, 0
uncooked long grain white rice, 0
(3 ounce) package Neufchatel cheese, 0
low fat margarine, 0
(14 ounce) can fat free sweetened condensed milk, 0
oil substitute, 0
diced bananas, 0.041249979375010314
sliced fresh mushrooms, 0
seedless red grapes, rinsed and dried, 0
(17.5 ounce) package frozen puff pastry, thawed, 0
small onion, shredded, 0
packet dry onion soup mix, 0
(8 ounce) can mushrooms, drained, 0
(16 ounce) can pitted sour red pie cherries, 0
cola-flavored carbonated beverage, 0
marshmallow creme, 0
(1 pound) loaf unsliced white bread, with crust trimmed, 0
(18.5 ounce) package carrot cake mix, 0
candied mixed fruit peel, 0.020624997421875325
pounds skinless, boneless chicken breast halves, 0.054999963333357785
dry Marsala wine, 0
meat extract, 0
(14.75 ounce) can cream-style corn, 0
sweetened chestnut puree, 0
marrons glaces (candied chestnuts), 0
(20 ounce) package chocolate sandwich cookies with creme filling, 0
(3.9 ounce) packages instant chocolate pudding mix, 0
gummi worms, 0
pound skinless, boneless chicken breast halves - cut into bite size pieces, 0
Italian seasoned bread crumbs, 0
slices raisin bread, 0.027499995416667432
fresh pears, 0
(8 inch) square prepared yellow cake, 0
(4 ounce) skinless, boneless chicken breast halves - cut into 1 inch strips, 0
Worcestershire sauce, 0
peeled and cubed potatoes, 0
boneless chicken breast halves, cooked, 0
hard-cooked eggs, 0
potatoes, cooked, 0
pickled cucumbers, 0
(12 ounce) packages frozen spinach souffle, thawed, 0
shredded Swiss cheese, divided, 0
prepared Dijon-style mustard, 0
fresh bread crumbs, 0
all-purpose flour, for dredging, 0
whole boneless, skinless chicken breast, cubed, 0
spaghetti, cooked and drained, 0
pineapple juice, 0.041249989687502576
whole bran cereal, 0
(16 ounce) package confectioners' sugar, sifted, 0
pounds all-purpose flour, divided, 0
fennel seed, 0
(15 ounce) can sliced peaches, drained, 0
peach schnapps, 0
(9 inch) graham cracker crust, 0
apples - peeled, cored and diced, 0.0038671873791503945
carrots, quartered, 0
small red onion, quartered, 0
carrots, cut into 1 inch pieces, 0
eggplant, cut into 1/2 inch cubes, 0
(12 fluid ounce) can or bottle beer, 0
sprigs fresh parsley, for garnish, 0
feta cheese, 0
crushed buttery round crackers, 0
celery seed, 0
coffee-flavored liqueur, divided, 0
(8 ounce) container mascarpone cheese, 0
(1 ounce) square semisweet chocolate, 0
(.25 ounce) package rapid rise yeast, 0
chopped macadamia nuts, 0
chopped golden raisins, 0
unsweetened crushed pineapple, 0
grated lemon peel, 0
packets artificial sweetener, 0
grape jam, 0
recipe Kentucky Fruit Filling, 0
raisins for decorating, 0
toasted almonds, for decoration, 0
red and green candied cherries, 0
(1 ounce) squares German sweet chocolate, 0
fluid ounces evaporated milk, 0
canned pumpkin puree, 0.02062499795898462
buckwheat flour, 0
cold evaporated milk, 0
(20 ounce) can sliced pineapple, 0
lemon flavored yogurt, 0
(20 ounce) can pineapple chunks, 0
onions, quartered, 0
(14.5 ounce) can stewed tomatoes, 0
black olives, 0
pound carrots, 0
lemon-lime flavored carbonated beverage, 0
(1.3 ounce) envelopes whipped topping mix, 0
Dijon-style prepared mustard, 0
white wine vinegar, 0
seedless green grapes, 0
(0.6 ounce) cake compressed fresh yeast, 0
flat bottomed ice cream cones, 0
cooking spray, 0
pinch ground cumin, 0
strawberry flavored carbonated beverage, 0
strong brewed coffee, boiling, 0
sugar free chocolate wafer cookie crumbs, 0
brown sugar substitute, 0
instant espresso coffee powder, 0
crushed pineapple with juice, 0
warm water (100 to 110 degrees), 0
onions, thinly sliced, 0
crushed red pepper, 0
raisins, chopped, 0
chopped candied mixed fruit peel, 0
fresh pineapple - peeled, cored and cut into rings, 0
fruit preserves, 0
(1/2 ounce) slices prosciutto, diced, 0
grated Romano cheese, 0
roughly broken vanilla wafers, 0
(16 ounce) can chocolate syrup, 0
ounces white sugar, 0
chicken thighs, 0
eggs, separated, room temperature, 0
milk, room temperature, 0
links pork sausage, 0
jalapeno peppers, seeded and minced, 0
Cajun seasoning, 0
slices bacon, 0
(5 ounce) packages instant vanilla pudding mix, 0
(21 ounce) cans cherry pie filling, 0
(20 ounce) cans crushed pineapple, drained, 0
large onion, diced, 0
bread crumbs, 0
pound skinless, boneless chicken breast halves, 0
apricot brandy, 0
zucchini, finely diced, 0
light molasses, 0
ounces uncooked pasta, 0
fresh chopped broccoli, 0
(14 ounce) can artichoke hearts, drained and sliced, 0
chopped red bell pepper, 0
chicken leg quarters, 0
(21 ounce) can blueberry pie filling, 0
finely chopped peanuts, 0
half-and-half cream, 0
(4 pound) bone-in chicken, cut into pieces, 0
onion, quartered, 0
stalks celery, 0
bay leaves, 0
salted peanuts, 0
crisp rice cereal, 0
(15 ounce) can apricot halves, 0
cloves garlic, peeled, 0
(3 pound) whole chicken, cut into parts, 0
chopped fresh tarragon, 0
fluid ounces Galliano liqueur, 0
fluid ounces vodka, 0
cannoli shells, 0
(3 pound) whole chicken, cut in half, 0
granulated sugar, 0
grated fresh ginger, 0
(3 ounce) package fruit flavored Jell-O® mix, 0
ice water, 0
egg yolk, beaten, 0
prepared mincemeat pie filling, 0
chopped candied citron, 0.027499996848958708
sweetened condensed milk, 0
sifted cocoa, 0
green food coloring, 0
scalded milk, 0.0025781249597167976
pinch ground ginger, 0
pinch ground mace, 0
(3.4 ounce) package instant vanilla pudding mix, 0
fluid ounces Mountain Dew™, 0
pint sour cream, 0
chopped green bell pepper, 0
(12 ounce) jar taco sauce, 0
pound poppy seeds, 0
bread flour, divided, 0
(0.6 ounce) cakes compressed fresh yeast, 0
(18.25 ounce) package moist yellow cake mix, 0
pine nuts, 0
pounds skinless, boneless chicken breast halves, cut into bite size pieces, 0
(14 ounce) can unsweetened coconut milk, 0
cooked pasta, shape of your choice, 0
stalks celery, diced, 0
large apples - peeled, cored and chopped, 0
seedless grapes, halved, 0
(20 ounce) can pineapple tidbits, drained, 0
(11 ounce) can mandarin oranges, drained, 0
ounces milk chocolate candy, 0
lemon, sliced, 0
extra virgin olive oil, divided, 0
chopped fresh rosemary, 0
Friendship Fruit Starter, 0
(15 ounce) can sliced peaches with juice, 0
(15 ounce) can pineapple chunks with juice, 0
(10 ounce) jars maraschino cherries, 0
(18.25 ounce) packages yellow cake mix, 0
(3.4 ounce) packages instant vanilla pudding mix, 0
pound skinless, boneless chicken breast halves - boiled, 0
thinly sliced celery, 0
seedless grapes, quartered, 0
walnuts, toasted and chopped, 0
avocado - peeled, pitted and diced, 0
tart apple - peeled, cored and chopped, 0
pinch white sugar, 0
skinless, boneless chicken breast halves - pounded to 1/2 inch thickness, 0
Italian-style salad dressing, 0
medium tomatoes, quartered, 0
(20 ounce) jar salsa, 0
large red bell pepper, chopped, 0
(15 ounce) cans black beans, rinsed and drained, 0
Southern Comfort liqueur, 0
mango puree, 0
(15 ounce) can crushed pineapple with juice, 0.32999967000033004
apple - peeled, cored and shredded, 0
(3 pound) roasting chicken, deboned and cut into bite size pieces, 0
large potato, diced, 0
unsalted natural-style peanut butter, 0
(15 ounce) can garbanzo beans, drained and rinsed, 0
marshmallows, 0
small gumdrops (no black ones), 0
chocolate covered peanuts, 0
candy-coated chocolate pieces, 0
(16 ounce) package hot bread roll mix, 0
pounds pork sausage, 0
(8 ounce) packages pepperoni, finely chopped, 0
monosodium glutamate (MSG), 0
reduced fat buttermilk baking mix, 0
(9 ounce) package condensed mincemeat, crumbled, 0
recipe Caramel Cream Frosting, 0
fresh pineapple - peeled, cored and cut into 1 inch chunks, 0
powdered butter flavoring, 0
strawberries, mashed, 0.0034374998567708393
pound skinless, boneless chicken breast halves - cubed, 0
(8 ounce) jar salsa, 0
ounces shredded Cheddar cheese, 0
(3 ounce) package raspberry flavored Jell-O® mix, 0
(12 ounce) package vanilla sandwich cookies, 0
(12 ounce) package tootsie rolls, 0
self-rising corn meal mix, 0
(8 ounce) can cream-style corn, 0
apples - peeled, cored and shredded, 0
pound Monterey Jack cheese, 0
jalapeno peppers, 0
(8 ounce) container sour cream, 0
fresh peaches - peeled, pitted and halved, 0.01649999670000066
key lime juice, 0
glucose syrup, 0
glycerin, 0
large apples, 0.08249995875002063
(.25 ounce) packages dry yeast, 0
graham flour, 0
banana, peeled and mashed, 0
sea salt, 0
lecithin, 0
white spelt flour, 0
grated lime zest, 0.16499983500016502
frozen sweetened strawberries, pureed, 0
(10 ounce) package chopped frozen broccoli, thawed, 0
shredded provolone cheese, 0
ricotta cheese, 0
vanilla sugar, 0
(1/2 inch) slices egg bread, 0
(10 ounce) jar maraschino cherries, drained, 0
(3 pound) chicken, skin removed, cut into pieces, 0
slices canned pineapple, 0.006874999427083382
finely chopped, cooked chicken meat, 0
toasted and chopped almonds, 0
candied cherries, sliced, 0
(20 ounce) package chocolate sandwich cookies, 0
(16 ounce) container frozen whipped topping, thawed, 0
boneless chicken breast halves, cooked and chopped, 0
small head napa cabbage, 0
carrot, shredded, 0
crispy fried rice noodles, for garnish, 0
individually wrapped caramels, unwrapped, 0
dry jasmine rice, 0
1 inch pieces asparagus, 0
snow peas, 0
(14 ounce) can light coconut milk, 0
unflavored gelatin, 0
fresh strawberries, 0
grated Asiago cheese, 0
freshly ground black pepper, 0
egg, room temperature, 0
(.25 ounce) packages unflavored gelatin, 0
diced orange segments, 0
finely crushed chocolate wafer cookies, 0
(8 ounce) packages cream cheese, cut into chunks, 0
large eggs, 0
firmly packed brown sugar, 0
(12 fluid ounce) can cola-flavored carbonated beverage, 0
ounces ketchup, 0
frozen blueberries, dry pack, 0
whipped cream, 0
minced parsley, 0
grated Parmigiano Reggiano cheese, 0
pounds chicken wings, tips discarded, 0
seedless raspberry jam, 0
pancake/waffle mix, 0
pecans, chopped, 0.08249995875002063
maple syrup, 0
blueberries, 0.01031249935546879
(8 ounce) can crushed pineapple, 0.16499983500016502
chopped baby carrots, 0
(10 ounce) can peas, drained, 0
brandy flavoring, 0
apples - peeled, cored and finely chopped, 0
prepared fluffy white frosting, 0
(9 ounce) package brownie mix, 0
(14 ounce) package individually wrapped caramels, unwrapped, 0
chocolate fudge topping, 0
dried apricots, 0
pound red and green candied cherries, 0
candied pineapple slices, 0
pound dried mixed fruit, 0
ripe banana, mashed, 0
well-drained, mashed, cooked beets, 0
canned green chile peppers, chopped, 0
beets, peeled and shredded, 0
wheat germ, 0
fresh peaches - pitted, skinned, and sliced, 0
(15.25 ounce) can fruit cocktail, 0
cooked, boneless and skinless chicken, cut into bite-sized pieces, 0
chopped green chile peppers, 0
mocha flavored instant coffee mix, 0
sifted pastry flour, 0
lukewarm water (100 degrees F/38 degrees C), 0
apple - peeled, cored and quartered, 0
stalk celery with leaves, chopped, 0
lemon, zested and juiced, 0
saffron, 0
orange juice, strained, 0
very ripe bananas, 0
gluten-free vanilla extract, 0
(10 ounce) package frozen strawberries - thawed, drained and juice reserved, 0
(10 ounce) package frozen raspberries, thawed, 0
ounces white chocolate, chopped, 0
peeled, cored and shredded apple, 0.005156249919433595
white rice, 0
(3 ounce) packages instant pistachio pudding mix, 0
vitamin c powder, 0
oat bran, 0
cardamom flavored extract, 0
bananas, sliced, 0
red bell pepper, diced, 0
chunky salsa, 0
frozen orange juice concentrate, thawed, 0
whole skinless, boneless chicken breasts, 0
kirschwasser, 0
(14 ounce) cans pitted Bing cherries, drained, 0
Brazil nuts, 0
pound pitted dates, 0
maraschino cherries, drained, 0
finely ground almonds, 0
prunes, pitted and chopped, 0.01031249935546879
(32 ounce) bottle bottled Bloody Mary mix, 0
warm tomato juice, 0
lemon, 0
chicken legs, 0
(14.5 ounce) can diced tomatoes, 0
fresh mushrooms, quartered, 0
egg whites, stiffly beaten, 0
candy-coated milk chocolate eggs, 0
pounds candied mixed fruit, 0.3299998350000825
semolina flour, 0
ounces sauerkraut, drained and rinsed, 0.01031249935546879
apple - peeled, cored and finely chopped, 0.16499983500016502
lukewarm buttermilk, 0
Irish cream liqueur, 0
(1 ounce) package dry onion soup mix, 0
potato flour, 0
matzo cake meal, 0
skinless, boneless chicken breast halves, cut into bite size pieces, 0
red onion, sliced in rings, 0
fresh mushrooms, sliced, 0
yellow bell peppers, sliced, 0
pinch crushed red pepper flakes, 0
sweet pickle relish, 0
prune juice, 0.005156249677734395
candied cherries, quartered, 0
(8 ounce) can crushed pineapple in heavy syrup, 0
pastry cream, 0
(16 ounce) package graham cracker crumbs, 0
canned sweet potato puree, 0.02062499871093758
(3 ounce) packages instant lemon pudding mix, 0
Amish Friendship Bread Starter, 0
mint extract, 0
pint fresh strawberries, halved, 0.16499983500016502
chicken drumsticks, 0
(8 ounce) package cream cheese, room temperature, 0
(3 ounce) packages orange flavored Jell-O® mix, 0
(8 ounce) can tomato sauce, 0.24749975250024753
chopped green tomatoes, 0.005156249919433595
(12 ounce) packages refrigerated biscuit dough, 0
sandwich rolls, split, 0
dark brown sugar, 0
chilled applesauce, 0
quart fresh orange juice, 0
(15 ounce) can apricot halves, drained, 0
(1.4 ounce) bars chocolate covered toffee bars, chopped, 0
egg whites, beaten, 0
nonfat lemon yogurt, 0
(10 ounce) cans coconut milk, 0
pandan paste, 0
ovalette, 0
pizza sauce, 0
ounces pepperoni sausage, chopped, 0
ounce candy sprinkles, 0
(14 ounce) can cream of coconut, 0
apples - peeled, cored and chopped, 0.10999996333334555
thick slices bread, 0.013749997708333716
pounds gumdrops, 0
slices bread, 0
chopped apple, 0
chopped fresh parsley, for garnish, 0
(16 ounce) package gummi worms, 0
fluid ounces heavy cream, 0
dry sherry, 0.013749998854166764
cloves garlic, halved, 0
fresh green chile peppers, 0
large tomatoes, peeled and quartered, 0
crushed toffee candy, 0
(16 ounce) jar caramel ice cream topping, warmed, 0
(10 ounce) package frozen chopped broccoli, 0
ounces cottage cheese, 0
quart milk, 0
(10 ounce) package frozen strawberries, thawed, 0
ounces chopped pork, 0
(4 ounce) can shrimp, drained and chopped, 0
green onions, 0
chopped fresh ginger root, 0
light soy sauce, 0
rice wine, 0
recipe Chinese Steamed Buns, 0
(16 ounce) jar salsa, 0
ounces boneless chicken breast halves, cooked and diced, 0
stalk celery, sliced, 0
pound mushrooms, chopped, 0
(14.5 ounce) can whole peeled tomatoes with juice, 0
(19 ounce) can kidney beans, drained and rinsed, 0
finely grated carrots, 0
candied cherries, halved, 0
large orange, juiced, 0
chocolate sandwich cookies, 0
slices Swiss cheese, 0
slices ham, 0
chicken bouillon granules, 0
softened butter, 0
(12 fluid ounce) can or bottle cola-flavored carbonated beverage, 0
plums, pitted and quartered, 0
(1 ounce) squares semisweet chocolate, grated, 0.020624994843751288
(14 ounce) package flaked coconut, 0
peeled, cored and chopped pears, 0.005156249919433595
pounds skinless, boneless chicken parts, 0
Ranch-style salad dressing, 0
(21 ounce) can light cherry pie filling, 0
fat-free evaporated milk, 0
chopped fresh figs, 0
apple pie filling, 0
long grain white rice, 0
(1 gram) packets artificial sweetener, 0
unsalted butter, chilled, 0
buttermilk self-rising cornmeal mix, 0
(15 ounce) can cream style corn, 0
diced candies mixed fruit peel, 0
ounce ground almonds, 0
whole almonds, 0
sliced canned peaches, drained, 0
cherries, pitted and halved, 0
diced candied orange peel, 0.010312498710937663
finely chopped almonds, 0.010312498710937663
day-old bread cubes, 0.004124999948437501
butter, melted and cooled, 0.04124999484375065
flaxseed oil, 0
liquid lecithin, 0
whey powder, 0
(.75 ounce) packet honey mustard salad dressing mix, 0
ounces sugar snap peas, 0
pound dates, pitted and chopped, 0
pound orange slices candy, chopped, 0
brown sugar twin, 0.013749998854166764
(16.5 ounce) can pitted dark sweet cherries, drained with juice reserved, 0
peeled, cored and sliced apple, 0
pound whole chestnuts, drained, 0
chopped marrons glace (candied chestnuts), 0
onion, sliced into thin rings, 0
(2.1 ounce) bars milk chocolate covered caramel and nougat candy, 0
butter or margarine, divided, 0
yellow paste food coloring, 0
brown paste food coloring, 0
prepared chocolate frosting, 0
orange chewy fruit-flavored candy squares, 0
leaf-shaped spearmint gumdrops, 0
large red gumdrops, 0
large white gumdrops, 0
candy lime slices, 0
pepperoni sausage, chopped, 0
chopped parsley, 0
hero sandwich rolls, split lengthwise, 0
skinless, boneless chicken breast halves - cut into finger-sized pieces, 0
(5 ounce) package chocolate pudding and pie filling mix (not instant), 0
chopped pistachio nuts, 0
(7 ounce) jar marshmallow creme, 0
unsalted butter, chilled and cubed, 0
shredded pepperjack cheese, 0
frozen corn kernels, thawed and drained, 0
ounces roasted marinated red bell peppers, drained and chopped, 0
bunch fresh spinach, washed, stems removed, 0
finely chopped pecans, 0
apples - peeled, cored and thinly sliced, 0
(8 ounce) containers frozen whipped topping, thawed, 0
(15 ounce) can crushed pineapple, with juice, 0
chopped peanuts, 0
chopped fresh thyme, 0.16499983500016502
(1 ounce) packages ranch dressing mix, 0
liquid sweetener, 0.054999981666672776
pounds boneless skinless chicken breasts, cut into strips, 0
oil for frying, 0
(6 ounce) package zwieback toast, crushed into crumbs, 0
pounds creamed cottage cheese, 0
crushed cheese flavored butter crackers, 0
Amish Friendship Bread Starter (see footnote for recipe link), 0
skinless, boneless chicken breast halves - cut into 1 inch cubes, 0
small onions, cut into 2 inch pieces, 0
red bell peppers, cut into 2 inch pieces, 0
skewers, 0
wine vinegar, 0
celery salt, 0
candied pineapple, diced, 0
thick, unsweetened applesauce, 0
fresh raspberries, crushed, 0
fluid ounces sweetened condensed milk, 0
(4 pound) whole chicken, cut into 8 pieces, 0
apricot jam, 0
maraschino cherries, diced, 0
vanilla soy milk, 0
sucanat, 0
dried cherries, 0
vanilla baking chips, 0
(8 ounce) can pineapple chunks, drained (juice reserved), 0
water, divided, 0
drops orange food color, 0
green bell pepper, cut into 1 inch pieces, 0
(15.25 ounce) cans fruit cocktail, 0
lard, chilled and cut into small pieces, 0
extra large egg, beaten, 0
large red bell pepper, julienned, 0
(8 ounce) can sliced water chestnuts, 0
sugar snap pea pods, 0
thick slices smoked deli chicken, 0
(8 ounce) packages angel hair pasta, 0
(8.75 ounce) can whole kernel corn, drained, 0
(4 ounce) jar diced pimento peppers, drained, 0
chopped jalapeno peppers, 0
beets, boiled and grated, 0
skinless, boneless chicken breast halves - cooked, 0
(16 ounce) package farfalle pasta, 0
(8 ounce) bottle Italian-style salad dressing, 0
tomato, chopped, 0
stalks lemon grass, 0
peeled and chopped fresh turmeric, 0
whole white peppercorns, 0
instant coffee granules, dissolved in, 0
chicken tenderloins, 0
yellow bell pepper, chopped, 0
(8 ounce) package uncooked spaghetti, 0
half-and-half, 0
shredded Swiss cheese, 0
raisins, finely chopped, 0.0045833333015046305
pounds chopped candied citron, 0.4399997066668623
pound candied lemon peel, 1.31999736000528
pound chopped candied orange peel, 1.31999736000528
(12 fluid ounce) can or bottle lemon-lime flavored carbonated beverage, 0
ounces spinach, rinsed and chopped, 0
butterscotch pudding, 0
avocados - peeled, pitted and sliced, 0
ripe tomatoes, sliced, 0
(8 ounce) package Monterey Jack cheese, cut into 10 slices, 0
individually wrapped caramels, 0
(15 ounce) cans pineapple tidbits, drained with juice reserved, 0
mangos - peeled, seeded and diced, 0
green chile peppers, diced, 0
freshly squeezed lime juice and pulp, 0
dried bread crumbs, seasoned, 0
chopped apples, 0.005156249677734395
lemons - cut into wedges, for garnish, 0
frozen apple juice concentrate, thawed, 0
unsweetened apple butter, 0
(9 inch) refrigerated pie crust, 0
poached skinless, boneless chicken breast half, cut into small chunks, 0
shredded Gruyere cheese, 0
crumbled feta cheese, 0
sprigs fresh rosemary, 0
(5 ounce) package non-instant chocolate pudding mix, 0
butter, cut into 1-inch chunks, 0.04124999484375065
powdered buttermilk, 0
(6 ounce) can frozen lemonade concentrate, thawed, 0
strong, hot, brewed coffee, 0
smooth peanut butter, 0
pound smoked sausage, 0
red bell peppers, chopped, 0
roma (plum) tomatoes, chopped, 0
lemon - sliced, for garnish, 0
(15 ounce) can pineapple, drained, 0
large orange, sliced in rounds, 0
ounces golden raisins, 0.04124999484375065
ounces halved glace cherries, 0
(8 ounce) packages Neufchatel cheese, 0
(28 ounce) jar spaghetti sauce, 0
green bell pepper, seeded and cubed, 0
recipe Chocolate Buttercream, 0
sweetened flaked coconut, 0
strawberries, pureed, 0
sugar, 0
fresh strawberries, sliced, 0
quartered strawberries, 0
candied orange peel, 0
seedless fruit preserves, 0
(3 ounce) package orange flavored Jell-O® mix, 0
guava pulp, 0.02062499871093758
guava nectar, 0.04124999484375065
unsalted butter, melted and cooled, 0
(18.25 ounce) package spice cake mix, 0.32999967000033004
(21 ounce) cans apple pie filling, 0.16499991750004125
pound brown sugar, 0
fluid ounces milk, 0
strawberry jam, 0
(16 ounce) package angel food cake mix, 0
ounces sauerkraut - drained, rinsed and finely chopped, 0
nonfat plain yogurt, 0
pint fresh raspberries, 0
pecan liqueur, 0
mangos, peeled, seeded and chopped, 0
mashed sweet potatoes, 0
finely chopped golden raisins, 0
carbonated water, 0
(1.5 ounce) envelope instant dessert topping, 0
grated fresh coconut, 0
hot chile pepper, minced, 0
shredded, cooked chicken meat, 0
(3 ounce) package cream cheese, diced, 0
(15 ounce) can baked beans with pork, 0
soy milk, 0
oat flour, 0
arrowroot powder, 0
(20 ounce) can crushed pineapple in heavy syrup, drained with syrup reserved, 0
(10 ounce) package flaked coconut, 0
grated tangerine zest, 0
chile paste, 0
onion, sliced lengthwise into eighths, 0
medium head cabbage, coarsely chopped, 0
carrots, coarsely chopped, 0
ounces soba noodles, cooked and drained, 0
fish sauce, 0
sliced red bell peppers, 0
(10 ounce) cans refrigerated buttermilk biscuit dough, 0
pitted dates, 0.0068749997135416786
large potatoes, peeled and sliced, 0
bunch fresh cilantro, chopped, 0
lemon pepper, 0
(1.2 ounce) bars Baby Ruth ™ candy bars, chopped, 0
malted milk powder, 0
pound baby carrots, 0
potatoes, 0
cooked wild rice, 0
roasted green chili, chopped, 0
crushed corn flakes cereal, 0
grated fresh cassava, 0
margarine, chilled, 0.031249994081440514
currants, 0.020624997421875325
pound yellow squash, sliced, 0
pound zucchinis, sliced, 0
medium tomato - peeled, seeded and chopped, 0
prepared 8 inch pastry shells, 0.08249995875002063
wild rice, cooked, 0
pound fresh asparagus, 0
hoisin sauce, 0
oranges, juiced, 0
(16 ounce) container vanilla frosting, 0
black licorice whips, 0
pecan halves, or to taste, 0
superfine sugar, 0
walnut oil, 0
bananas, peeled and halved lengthwise, 0
kalamata olives, pitted and chopped, 0
fresh pineapple, peeled and cored, 0
(16 ounce) can jellied cranberry sauce, 0
chicken wings, tips discarded, 0
chopped black walnuts, 0
lard for frying, 0
(16 ounce) package graham cracker squares, 0
butter, Judges 5:25, 0
white sugar, Jeremiah 6:20, 0
eggs, Isaiah 10:14, 0
all-purpose flour, 1 Kings 4:22, 0
baking powder, Luke 13:21, 0
ground cinnamon, 1 Kings 10:10, 0
ground mace, 1 Kings 10:10, 0
ground cloves, 1 Kings 10:10, 0
salt, Leviticus 2:13, 0
water, Genesis 43:24, 0
honey, Proverbs 24:13, 0
figs, 1 Samuel 30:11, 0
raisins, 1 Samuel 30:11, 0
almonds, Genesis 43:11, 0
pounds bittersweet chocolate, 0
(8 ounce) package cream cheese with chives, 0
(8 ounce) can pineapple tidbits, drained, 0
diced red bell pepper, 0
salted cashews, chopped, 0
candied angelica, 0.031249994081440514
nutmeg, 0
lemons, peeled and seeded, 0
oranges, peeled and seeded, 0
(10 ounce) jar maraschino cherries, 0
salt, divided, 0
sifted confectioners' sugar, divided, 0
maraschino cherries, with stems, 0
diced sun-dried tomatoes, 0
pints fresh strawberries, halved, 0
pounds cream cheese, 0
port wine, 0
skinless, boneless chicken breast halves - boiled, 0
(15 ounce) can mixed vegetables, drained, 0
(8.75 ounce) can sweet corn, 0
bunch green onions, chopped, 0
butternut flavored extract, 0
(4 pound) whole chicken, cut into 6 pieces, 0
bacon grease, 0
crushed zwieback toast, 0.027499998854166714
shredded Colby cheese, 0.020624999355468774
(16 ounce) container vanilla yogurt, 0.6599993400006601
ounces red candied cherries, coarsely chopped, 0
ounces green candied cherries, coarsely chopped, 0
ounces candied pineapple, coarsely chopped, 0
(14 ounce) cans sweetened condensed milk, 0
butter, diced, 0
blueberries, rinsed and drained, 0
(4 ounce) jar apricot baby food, 0
(4 ounce) jar plum baby food, 0
slices cooked ham, 0
minced green onions, 0
chopped fresh dill, 0
pound skinless, boneless chicken breasts, 0
sprig fresh dill weed, 0
seedless grapes, 0
leaves red leaf lettuce - rinsed, 0
chopped salted cashews, 0
sprigs fresh dill weed, for garnish, 0
mango - peeled, seeded, and sliced, 0
(3 ounce) package instant vanilla pudding mix, 0
peeled, cored and chopped apple, 0
chopped black olives, 0
bone-in chicken breast halves, 0
pinch salt to taste, 0
pound ground walnuts, 0
ounces apricot preserves, 0
canned mushrooms, 0
raisin bran cereal, 0
pound cooked ham, cut into one inch cubes, 0
(16 ounce) can diced tomatoes, 0
(6 ounce) can tomato paste, 0
dashes hot pepper sauce, 0
pound Polish sausage, sliced diagonally, 0
(28 ounce) jar prepared mincemeat pie filling, 0
banana extract, 0
crushed saltine crackers, 0
cognac, 0
apple pie spice, 0
(15 ounce) can apricot halves, syrup reserved, 0
pounds chicken thighs, 0
pound marshmallows, quartered, 0
chopped candied pineapple, 0
chopped salted pecans, 0
(1.5 ounce) envelopes instant dessert topping, 0
canned pears, sliced, 0.005156249677734395
pound candied cherries, halved, 0
candied pineapple rings, finely chopped, 0
almonds, split, 0
cube chicken bouillon, 0
boiling milk, 0
finely ground walnuts, 0
chopped candied lemon peel, 0
potatoes, peeled and halved, 0
coarsely grated unpeeled pears, 0
(4 ounce) skinless, boneless chicken breast halves, 0
crushed garlic, 0
artificial sweetener, 0
golden raisins, chopped, 0
(16 ounce) package large marshmallows, 0
(15 ounce) cans crushed pineapple, 0
large onion, cut into 1/2-inch wide slices, 0
chicken wings, 0
chopped garlic, 0
finely chopped green chile peppers, 0
(8 or 9 inch) white cake layers, baked and cooled, 0
pints fresh strawberries, 0
pint fresh blueberries, 0
turbinado sugar, 0
light mayonnaise, 0
pound skinless, boneless chicken breast halves - cooked, 0
(16 ounce) can pineapple pie filling, 0
apples - peeled, cored and cut into eighths, 0
dill pickle, chopped, 0
extra large egg, 0
semisweet chocolate chips, divided, 0
onion, sliced, 0
ginger garlic paste, 0
green chile peppers, chopped, 0
garam masala, 0
(3 ounce) packages cream cheese, softened, 0
quick-cooking oats, 0
canned whole kernel corn, well drained, 0
quart oil for frying, 0
(3.5 ounce) package non-instant chocolate pudding mix, 0
steel cut oats, 0
(1 pound) loaf white bread, cubed, 0
(2 to 3 pound) boiler chickens, 0
room temperature beer, 0
fluid ounces lemon juice, 0
chopped dried mango, 0
unsulfured molasses, 0
dark rum, divided, 0
large onion, chopped, 0
fresh jalapeno peppers, seeded and minced, 0
whipping cream, 0
instant coffee granules dissolved in 1/4 cup hot water, 0
chicken bouillon powder, 0
wheat and barley nugget cereal (e.g. Grape-Nuts™), 0
pound finely ground blanched almonds, 0
(16 ounce) package vanilla or colored frosting, 0
pound chopped candied citron, 0
pound almonds, 0
bone-in chicken breast halves, skinless, 0
(.6 ounce) package cream of chicken soup mix, 0
ounces caramel ice cream topping, 0
(1.4 ounce) bars chocolate covered toffee, chopped, 0
(14 ounce) can artichoke hearts, drained, 0
ounces ricotta cheese, 0
(8 ounce) can pineapple chunks, 0
(10 ounce) can diced tomatoes with green chile peppers, 0
(6 inch) corn tortillas, cut into strips, 0
(8 ounce) package sharp Cheddar cheese, shredded, 0
chopped hazelnuts, 0
green apples, 0
teriyaki sauce, divided, 0
pineapple rings, 0
yogurt, 0
(1.5 ounce) bars milk chocolate candy, 0
cream cheese, 0
(10 ounce) packages refrigerated biscuit dough, 0.041249989687502576
ounces linguine pasta, 0
green onion, chopped, 0
dried pineapple rings, finely chopped, 0
cherry jam, 0
light Italian-style salad dressing, 0
pound candied mixed citrus peel, 0.32999967000033004
grape juice, 0.04124999484375065
(12 ounce) packages ladyfingers, 0
grated key lime zest, 0
recipe Lady Baltimore Frosting, 0
raisins, coarsely chopped, 0
butter, cut into pieces, 0
blackberry jelly, 0
piping gel, 0
cream of coconut, 0
halved red candied cherries, 0
crushed corn flakes, 0
milk chocolate chips, 0
evaporated skim milk, 0
fruit cocktail, 0
lasagna noodles, 0
shredded mozzarella cheese, divided, 0
(10 ounce) packages frozen chopped spinach, thawed and drained, 0
(10 ounce) can chicken chunks, drained, 0
low-fat mayonnaise, 0
sweet pickles, chopped, 0
(3.4 ounce) package instant lemon pudding mix, 0
pint fresh strawberries, sliced, 0
wheat bran, 0
(11 ounce) can mandarin oranges, juice reserved, 0
seasoned dry bread crumbs, 0
ghee, 0
kalonji (onion seed), 0
hot fudge topping, 0
ounces gumdrops, no black ones, 0.005156249677734395
dried blueberries, 0
dash vegetable oil, 0
(3.5 ounce) package instant banana pudding mix, 0
dash vanilla extract, 0
sunflower seeds, 0
medium banana, mashed, 0
(2 to 3 pound) whole chicken, cut into parts, 0
drops vegetable oil, 0
strong brewed coffee, room temperature, 0.020624997421875325
recipe Seven Minute Frosting, 0
plain non-fat yogurt, 0
cornflakes cereal, 0
vanilla bean, halved lengthwise, 0
medium bananas, quartered, 0
quart vanilla ice cream, 0
gallon strawberry ice cream, 0
slices toasted white bread, 0
non-iodized salt, 0
pitted Kalamata olives, chopped, 0
fun size bars chocolate-coated caramel-peanut nougat candy, 0
heavy cream, whipped, 0
(8 ounce) can sliced pineapple, drained with juice reserved, 0
(8 ounce) can crushed pineapple, drained with juice reserved, 0
beef bouillon, 0
ground cayenne pepper, 0
hot chile oil, 0
finely diced onion, 0
spiced rum, 0
macadamia nuts, 0
(19.8 ounce) package brownie mix, 0
(3 ounce) package blackberry Jell-O®, 0
blackberry wine, 0
gallon vanilla ice cream, softened, 0
shredded apple, 0
(4 ounce) jars carrot baby food, 0.16499991750004125
barley flour, 0
(10 ounce) can pina colada mix, 0
almond paste, 0
sprig fresh tarragon, 0
masa harina, 0
frozen whole-kernel corn, thawed, 0
(10 ounce) jar maraschino cherries, drained and chopped, 0
very firm bananas, halved lengthwise, 0
kiwi, peeled and sliced for garnish, 0
heads fresh broccoli, 0
diced pepperoni, 0
(9 ounce) package chocolate cake mix, 0
(12 ounce) packages prepared pound cake, 0
pints orange sherbet, 0
(9 ounce) package condensed mincemeat, 0
brewed black tea, cold, 0
quinoa flour, 0
chopped mushrooms, 0
(15 ounce) can baby corn, 0
green beans, 0
cooked, cubed chicken meat, 0
blueberry jelly, 0
dried apricots, diced, 0
(15 ounce) can canned pumpkin puree, 0
muesli cereal, 0
ounces dark beer, 0
ounces crushed pineapple, drained, 0
pound biscuit baking mix, 0
large carrots, sliced, 0
stalks celery, finely chopped, 0
large potatoes, peeled and chopped, 0
orange food coloring, 0
fluid ounce warm water, 0
lukewarm water, 0
milk, scalded and slightly cooled, 0
skinless chicken thighs, 0
black bean sauce with garlic, 0
quart soy milk, 0
barley malt syrup, 0
brown rice syrup, 0
(10.5 ounce) package crumbled firm silken tofu, 0
pounds flaked coconut, 0
(4 ounce) jars pureed prunes baby food, 0
(16 ounce) container coconut pecan frosting, 0
muffins, split and toasted, 0
stuffing mix, 0
(29 ounce) can pumpkin puree, 0.32999967000033004
chopped cashews, 0
buttery round crackers, 0
cooked rice, 0
ranch-style salad dressing, 0
tomatoes, chopped, 0
oyster sauce, 0
cracked black pepper, 0
sage, 0
carrots, halved, 0
stalks celery, halved, 0
large onion, halved, 0
chopped pitted dates, 0
(16 ounce) package chocolate fudge frosting, 0
(3 ounce) packages fruit flavored Jell-O® mix, 0
low-sodium chicken broth, 0
quick-cooking couscous, 0
skinless, boneless chicken breast halves - cut into cubes, 0
finely chopped jalapeno chile peppers, 0
carrot, thinly sliced, 0
zucchini, diced, 0
green onions, thinly sliced, 0
grated fresh ginger root, 0
(1 ounce) squares unsweetened chocolate, melted and cooled, 0
cashew halves, 0
pound boneless pork loin roast, 0
barbecue sauce, 0
shallots, chopped, 0
(15 ounce) can crushed pineapple, drained, 0
whole chicken wings, split, 0
(16 ounce) can cherry pie filling, 0
tomato juice, 0
(3 pound) whole chicken, deboned and cut into bite size pieces, 0
toasted sesame seeds, 0
vanilla wafers, crushed, 0
cottage cheese, creamed, 0
cherry brandy, 0
dash lemon pepper, 0
heavy cream, divided, 0
(2 to 3 pound) whole chickens, 0
green onion, minced, 0
lime juice, 0
pounds boneless, skinless chicken thighs, 0
dark beer, 0
potato, peeled and diced, 0
mashed banana, 0
(4.5 ounce) can mushrooms, drained, liquid reserved, 0
cooked, boneless chicken breast halves, chopped, 0
ounces chopped pimento, 0
pounds chicken wings, separated at joints, tips discarded, 0
Louisiana-style hot sauce, 0
pinch garlic salt, 0
cayenne pepper, or to taste, 0
stalk celery, sliced thin, 0
(16 ounce) cans diced tomatoes, 0
pound halved candied cherries, 0
(14 ounce) can coconut milk, 0
apples, peeled and chopped, 0
white rum, 0
ounces Gorgonzola cheese, crumbled, 0
ounces penne pasta, 0
(1 ounce) squares chopped semisweet chocolate, 0
ounces sauerkraut, 0
dash hot pepper sauce, 0
pounds boneless, skinless chicken thighs, cut into strips, 0
ounces frozen strawberries, 0
warm milk (110 degrees F), 0.00824999958750002
ounces candied mixed fruit peel, 0.054999981666672776
pounds sweet potatoes, 0
seven grain cereal, 0
(1 ounce) squares unsweetened chocolate, chopped, 0
espresso coffee, 0
(10 ounce) packages frozen raspberries, thawed, 0
pound frozen bread dough, thawed, 0
pinch ground cloves, 0
all-purpose flour (1 Kings 4:22), 0
milk, Judges 5:25, 0
figs (Nahum 3:12), chopped, 0
almonds, Numbers 17:8, 0
honey, 1st Samuel 14:25, 0
ounces semi-sweet chocolate chips, 0
tapioca, 0
whole kernel corn, 0
chopped jalapeno pepper, 0
(8 ounce) package refrigerated crescent rolls, 0
croutons, 0
chopped Granny Smith apples, 0.0017187499641927093
chopped dried mixed fruit, 0
gingersnap cookies, crushed, 0
part-skim ricotta cheese, 0
(16 ounce) container low-fat cottage cheese, 0
(14 ounce) package individually wrapped caramels, 0
quart fresh strawberries, halved, 0
bourbon, 0.04124999742187516
ounces red candied cherries, halved, 0.04124999742187516
pound butter, 0.8799988266682311
apples - peeled, cored and cut into wedges, 0
sugar substitute, 0
drop green food coloring, 0
drop yellow food coloring, 0
